1;Владивосток;15:25;Москва;6д 19:45;Хабаровск, Чита, Иркутск, Красноярск, Новосибирск, Екатеринбург, Пермь
2;Москва;1:00;Владивосток;6д 22:17;Ярославль, Киров, Пермь, Екатеринбург, Омск, Новосибирск, Иркутск
3;Москва;23:45;Пекин;5д 04:30;Ярославль, Иркутск, Улан-Батор, Эрлянь  
4;Пекин;7:00;Москва;5д 02:15;Чита, Улан-Удэ, Иркутск, Новосибирск, Екатеринбург, Нижний Новгород
5;Москва;22:50;Санкт-Петербург;0д 08:00;Тверь, Бологое, Чудово
6;Санкт-Петербург;23:30;Москва;0д 07:45;Вышний Волочёк, Клин, Тверь
7;Москва;19:40;Петрозаводск;0д 12:50;Тверь, Бологое, Свирь, Лодейное Поле
8;Петрозаводск;20:30;Москва;0д 12:05;Вышний Волочёк, Бологое, Тверь
9;Москва;13:55;Нижний Новгород;0д 06:15;Владимир, Ковров, Дзержинск
10;Нижний Новгород;6:40;Москва;0д 06:00;Вязники, Ковров, Владимир
11;Москва;18:30;Самара;0д 15:40;Рязань, Рузаевка, Сызрань, Тольятти
12;Самара;17:15;Москва;0д 16:05;Сызрань, Рузаевка, Рязань
13;Санкт-Петербург;15:00;Саратов;1д 04:10;Тверь, Москва (Курский), Рязань, Мичуринск, Ртищево
14;Саратов;16:35;Санкт-Петербург;1д 03:55;Ртищево, Мичуринск, Рязань, Москва (Восточный), Тверь
15;Москва;19:00;Волгоград;0д 18:40;Рязань, Мичуринск, Тамбов, Поворино
16;Волгоград;16:55;Москва;0д 19:05;Камышин, Ртищево, Мичуринск, Рязань
17;Москва;8:20;Петрозаводск;0д 11:30;Тверь, Бологое, Вытегра, Медвежья Гора
18;Петрозаводск;7:10;Москва;0д 11:45;Свирь, Волховстрой, Бологое, Тверь
19;Москва;21:50;Ростов-на-Дону;0д 15:55;Рязань, Мичуринск, Воронеж, Лиски, Каменская
20;Ростов-на-Дону;19:45;Москва;0д 16:10;Новочеркасск, Шахтная, Лиски, Воронеж, Рязань
21;Санкт-Петербург;14:15;Мурманск;1д 03:05;Петрозаводск, Беломорск, Кемь, Кандалакша, Апатиты
22;Мурманск;18:30;Санкт-Петербург;1д 02:40;Кандалакша, Кемь, Беломорск, Петрозаводск
23;Москва;20:30;Казань;0д 12:55;Владимир, Ковров, Нижний Новгород, Канаш
24;Казань;22:45;Москва;0д 12:10;Зеленый Дол, Канаш, Нижний Новгород, Владимир
25;Москва;11:40;Ижевск;0д 17:25;Муром, Арзамас, Канаш, Агрыз
26;Ижевск;14:50;Москва;0д 16:50;Агрыз, Канаш, Арзамас, Муром
27;Санкт-Петербург;17:05;Новосибирск;2д 14:35;Москва (Курский), Казань, Екатеринбург, Омск
28;Новосибирск;18:00;Санкт-Петербург;2д 15:00;Омск, Екатеринбург, Казань, Москва (Восточный)
29;Москва;9:15;Калининград;0д 20:05;Смоленск, Минск, Вильнюс, Каунас  
30;Калининград;10:30;Москва;0д 20:30;Каунас, Вильнюс, Минск, Смоленск
31;Москва;10:00;Уфа;1д 03:40;Рязань, Рузаевка, Самара, Оренбург
32;Уфа;11:35;Москва;1д 04:15;Самара, Рузаевка, Рязань
33;Москва;15:10;Ульяновск;0д 16:55;Рязань, Рузаевка, Инза, Сызрань, Димитровград
34;Ульяновск;16:30;Москва;0д 17:20;Сызрань, Рузаевка, Рязань
35;Санкт-Петербург;20:05;Адлер;1д 19:40;Москва (Восточный), Рязань, Воронеж, Ростов-на-Дону, Краснодар
36;Адлер;18:35;Санкт-Петербург;1д 20:15;Сочи, Туапсе, Краснодар, Ростов-на-Дону, Воронеж, Москва (Курский)
37;Санкт-Петербург;12:55;Самара;1д 01:20;Тверь, Москва (Курский), Рязань, Рузаевка, Сызрань
38;Самара;10:45;Санкт-Петербург;1д 02:05;Сызрань, Рузаевка, Рязань, Москва (Восточный)
39;Москва;19:25;Астана;2д 05:40;Самара, Оренбург, Актюбинск, Кульсары  
40;Астана;17:15;Москва;2д 06:10;Кульсары, Актюбинск, Оренбург, Самара, Рязань
41;Санкт-Петербург;0:30;Воркута;2д 02:10;Вологда, Котлас, Печора, Инта
42;Воркута;5:40;Санкт-Петербург;2д 01:55;Инта, Печора, Котлас, Вологда
43;Санкт-Петербург;21:10;Брест;0д 19:00;Псков, Витебск, Орша, Минск  
44;Брест;19:50;Санкт-Петербург;0д 19:20;Минск, Орша, Витебск, Псков
45;Москва;17:40;Екатеринбург;1д 01:25;Владимир, Нижний Новгород, Киров, Пермь
46;Екатеринбург;19:00;Москва;1д 00:55;Пермь, Киров, Нижний Новгород, Владимир
47;Санкт-Петербург;15:35;Астрахань;1д 16:15;Москва (Восточный), Рязань, Воронеж, Волгоград
48;Астрахань;16:05;Санкт-Петербург;1д 16:40;Волгоград, Воронеж, Рязань, Москва (Курский)
49;Санкт-Петербург;20:50;Кисловодск;1д 18:30;Москва (Восточный), Ростов-на-Дону, Краснодар, Армавир, Минеральные Воды
50;Кисловодск;19:15;Санкт-Петербург;1д 19:00;Минеральные Воды, Армавир, Ростов-на-Дону, Воронеж, Москва (Курский)
51;Москва;14:05;Нижний Новгород;0д 06:40;Владимир, Ковров, Дзержинск  
52;Нижний Новгород;15:00;Москва;0д 06:30;Дзержинск, Ковров, Владимир  
53;Санкт-Петербург;17:55;Екатеринбург;1д 19:50;Тверь, Москва (Восточный), Нижний Новгород, Киров, Пермь
54;Екатеринбург;14:30;Санкт-Петербург;1д 20:30;Пермь, Киров, Нижний Новгород, Москва (Курский), Тверь
55;Москва;23:40;Бишкек;3д 00:20;Самара, Оренбург, Актюбинск, Ташкент, Джамбул  
56;Бишкек;8:00;Москва;3д 01:00;Ташкент, Актюбинск, Оренбург, Самара, Рязань
57;Москва;20:50;Ейск;0д 23:15;Ростов-на-Дону, Староминская-Тимашевская 
58;Ейск;20:30;Москва;0д 23:30;Каневская, Ростов-на-Дону, Воронеж, Рязань 
59;Москва;16:20;София;2д 04:50;Киев, Будапешт, Белград, Плоешти 
60;София;15:00;Москва;2д 05:30;Бухарест, Киев, Смоленск, Минск 
61;Санкт-Петербург;19:10;Екатеринбург;1д 21:50;Вологда, Киров, Пермь
62;Екатеринбург;20:30;Санкт-Петербург;1д 21:10;Пермь, Киров, Вологда
63;Москва;20:15;Томск;2д 01:45;Екатеринбург, Тюмень, Омск, Новосибирск
64;Томск;19:40;Москва;2д 02:00;Новосибирск, Омск, Тюмень, Екатеринбург
65;Москва;18:50;Тольятти;0д 18:10;Рязань, Рузаевка, Сызрань
66;Тольятти;17:30;Москва;0д 18:45;Сызрань, Рузаевка, Рязань
67;Санкт-Петербург;19:30;Симферополь;1д 20:00;Москва (Восточный), Ростов-на-Дону, Керчь, Джанкой
68;Симферополь;18:00;Санкт-Петербург;1д 20:45;Джанкой, Керчь, Ростов-на-Дону, Воронеж, Москва (Курский)
69;Москва;23:55;Чита;3д 02:45;Екатеринбург, Омск, Новосибирск, Иркутск, Улан-Удэ
70;Чита;18:00;Москва;3д 03:20;Улан-Удэ, Иркутск, Красноярск, Новосибирск, Омск
71;Санкт-Петербург;20:20;Баку;2д 05:15;Москва (Восточный), Волгоград, Астрахань, Махачкала  
72;Баку;18:40;Санкт-Петербург;2д 06:00;Махачкала, Астрахань, Волгоград, Москва (Курский)
73;Москва;22:30;Белгород;0д 10:15;Тула, Орел, Курск, Прохоровка
74;Белгород;22:00;Москва;0д 10:30;Прохоровка, Курск, Орел, Тула
75;Москва;19:15;Иркутск;4д 05:40;Пермь, Екатеринбург, Тюмень, Омск, Новосибирск, Красноярск
76;Иркутск;17:40;Москва;4д 06:10;Красноярск, Новосибирск, Омск, Тюмень, Екатеринбург
77;Санкт-Петербург;10:00;Ставрополь;1д 17:50;Москва (Курский), Ростов-на-Дону, Армавир, Невинномысск
78;Ставрополь;11:30;Санкт-Петербург;1д 17:35;Невинномысск, Армавир, Ростов-на-Дону, Воронеж, Москва (Восточный)
79;Москва;7:45;Астрахань;1д 01:15;Рязань, Мичуринск, Тамбов, Волгоград  
80;Астрахань;8:30;Москва;1д 01:00;Волгоград, Тамбов, Мичуринск, Рязань  
81;Санкт-Петербург;13:45;Улан-Удэ;4д 07:10;Москва (Ярославский), Ярославль, Киров, Екатеринбург, Омск, Красноярск, Иркутск
82;Улан-Удэ;14:00;Санкт-Петербург;4д 06:45;Иркутск, Красноярск, Новосибирск, Екатеринбург, Киров, Москва (Курский)
83;Москва;19:30;Приобье;1д 18:55;Екатеринбург, Тюмень, Тобольск, Нягань  
84;Приобье;20:15;Москва;1д 19:10;Нягань, Тобольск, Тюмень, Екатеринбург
85;Москва;18:00;Нижневартовск;2д 04:30;Казань, Екатеринбург, Тюмень, Сургут
86;Нижневартовск;16:35;Москва;2д 05:00;Сургут, Тюмень, Екатеринбург, Казань
87;Нижний Новгород;19:10;Адлер;1д 20:30;Арзамас, Пенза, Саратов, Волгоград, Краснодар, Сочи
88;Адлер;18:25;Нижний Новгород;1д 21:05;Сочи, Краснодар, Ростов-на-Дону, Воронеж, Рязань, Владимир
89;Волгоград;15:40;Санкт-Петербург;1д 10:25;Балашов, Ртищево, Мичуринск, Рязань, Москва (Восточный)
90;Санкт-Петербург;16:15;Волгоград;1д 11:00;Москва (Курский), Рязань, Мичуринск, Ртищево, Балашов
91;Москва;6:05;Севастополь;1д 04:50;Рязань, Ростов-на-Дону, Керчь, Джанкой, Симферополь
92;Севастополь;7:15;Москва;1д 05:25;Симферополь, Джанкой, Керчь, Ростов-на-Дону, Воронеж
93;Москва;21:10;Пенза;0д 12:40;Рязань, Сасово, Рузаевка
94;Пенза;20:30;Москва;0д 13:00;Рузаевка, Сасово, Рязань
95;Москва;15:00;Барнаул;2д 05:15;Екатеринбург, Омск, Новосибирск, Новоалтайск
96;Барнаул;14:30;Москва;2д 05:40;Новоалтайск, Новосибирск, Омск, Екатеринбург
97;Санкт-Петербург;23:40;Микунь;0д 21:55;Вологда, Коноша, Котлас, Ухта
98;Микунь;22:15;Санкт-Петербург;0д 22:30;Ухта, Котлас, Коноша, Вологда
99;Москва;6:30;Владикавказ;1д 04:50;Рязань, Воронеж, Ростов-на-Дону, Армавир, Прохладная
100;Владикавказ;7:45;Москва;1д 05:25;Прохладная, Армавир, Ростов-на-Дону, Воронеж, Рязань
101;Москва;15:40;Иваново;0д 07:15;Владимир, Шуя  
102;Иваново;16:30;Москва;0д 07:00;Шуя, Владимир  
103;Уфа;16:50;Саратов;0д 18:30;Самара, Пугачевск, Балаково
104;Саратов;17:15;Уфа;0д 18:05;Балаково, Пугачевск, Самара
105;Санкт-Петербург;23:10;Адлер;1д 16:50;Москва (Курский), Рязань, Ростов-на-Дону, Краснодар  
106;Адлер;1:20;Санкт-Петербург;1д 17:15;Сочи, Туапсе, Краснодар, Ростов-на-Дону, Воронеж, Москва (Восточный)
107;Нижневартовск;20:30;Волгоград;2д 10:15;Тюмень, Екатеринбург, Самара, Саратов, Камышин
108;Волгоград;19:40;Нижневартовск;2д 10:40;Камышин, Саратов, Самара, Екатеринбург, Тюмень
109;Москва;10:45;Анапа;0д 23:05;Рязань, Воронеж, Ростов-на-Дону, Краснодар, Крымская
110;Анапа;11:30;Москва;0д 23:30;Крымская, Краснодар, Ростов-на-Дону, Воронеж, Рязань
111;Санкт-Петербург;15:05;Воронеж;0д 17:50;Москва (Восточный), Рязань, Мичуринск
112;Воронеж;14:30;Санкт-Петербург;0д 18:15;Мичуринск, Рязань, Москва (Курский), Тверь
113;Санкт-Петербург;18:30;Днепр;1д 05:40;Псков, Витебск, Могилев, Киев  
114;Днепр;17:10;Санкт-Петербург;1д 06:15;Киев, Могилев, Витебск, Псков
115;Москва;4:50;Усть-Илимск;4д 02:20;Киров, Пермь, Екатеринбург, Красноярск, Иркутск, Братск
116;Усть-Илимск;5:30;Москва;4д 01:55;Братск, Иркутск, Красноярск, Екатеринбург, Киров, Ярославль
117;Москва;20:30;Новокузнецк;2д 16:50;Казань, Екатеринбург, Омск, Новосибирск, Кемерово
118;Новокузнецк;21:05;Москва;2д 17:15;Кемерово, Новосибирск, Омск, Екатеринбург, Казань
119;Санкт-Петербург;8:00;Самара;1д 05:15;Москва (Курский), Рязань, Рузаевка, Сызрань  
120;Самара;7:30;Санкт-Петербург;1д 05:40;Сызрань, Рузаевка, Рязань, Москва (Восточный)
121;Москва;9:30;Владикавказ;1д 05:40;Рязань, Воронеж, Ростов-на-Дону, Минеральные Воды, Прохладная
122;Владикавказ;8:45;Москва;1д 06:10;Прохладная, Минеральные Воды, Ростов-на-Дону, Воронеж, Рязань
123;Санкт-Петербург;19:45;Белгород;0д 18:00;Москва (Курский), Тула, Орел, Курск
124;Белгород;20:15;Санкт-Петербург;0д 17:45;Курск, Орел, Тула, Москва (Восточный)
125;Москва;18:20;Череповец;0д 12:55;Ярославль, Вологда
126;Череповец;17:00;Москва;0д 13:10;Вологда, Ярославль
127;Санкт-Петербург;10:15;Красноярск;3д 00:30;Москва (Ярославский), Киров, Екатеринбург, Омск, Новосибирск
128;Красноярск;11:00;Санкт-Петербург;3д 00:55;Новосибирск, Омск, Екатеринбург, Киров, Ярославль, Москва (Курский)
129;Санкт-Петербург;15:50;Анапа;1д 14:10;Москва (Восточный), Рязань, Воронеж, Ростов-на-Дону, Краснодар
130;Анапа;16:30;Санкт-Петербург;1д 14:45;Краснодар, Ростов-на-Дону, Воронеж, Рязань, Москва (Курский)
131;Москва;21:00;Орск;1д 18:30;Рязань, Рузаевка, Самара, Оренбург
132;Орск;20:45;Москва;1д 19:00;Оренбург, Самара, Рузаевка, Рязань
133;Санкт-Петербург;6:20;Казань;1д 04:50;Москва (Курский), Владимир, Нижний Новгород, Канаш
134;Казань;7:15;Санкт-Петербург;1д 04:35;Нижний Новгород, Владимир, Москва (Восточный)
135;Москва;17:30;Барнаул;2д 06:10;Казань, Екатеринбург, Омск, Новосибирск
136;Барнаул;18:00;Москва;2д 06:40;Новосибирск, Омск, Екатеринбург, Казань
137;Санкт-Петербург;9:40;Махачкала;2д 00:50;Москва (Курский), Ростов-на-Дону, Волгоград, Астрахань, Кизляр
138;Махачкала;10:20;Санкт-Петербург;2д 01:25;Кизляр, Астрахань, Волгоград, Ростов-на-Дону, Воронеж, Москва (Восточный)
139;Москва;19:35;Брянск;0д 06:55;Калуга, Сухиничи, Жуковка
140;Брянск;20:05;Москва;0д 07:10;Жуковка, Сухиничи, Калуга
141;Москва;14:40;Чебоксары;0д 13:30;Владимир, Арзамас, Канаш
142;Чебоксары;15:15;Москва;0д 13:55;Канаш, Арзамас, Владимир
143;Санкт-Петербург;21:30;Краснодар;1д 08:45;Москва (Курский), Рязань, Воронеж, Ростов-на-Дону
144;Краснодар;22:05;Санкт-Петербург;1д 09:10;Ростов-на-Дону, Воронеж, Рязань, Москва (Восточный)
145;Санкт-Петербург;15:10;Челябинск;1д 18:30;Москва (Восточный), Владимир, Казань, Екатеринбург
146;Челябинск;16:00;Санкт-Петербург;1д 18:05;Екатеринбург, Казань, Владимир, Москва (Курский)
147;Москва;23:55;Самара;0д 16:50;Рязань, Рузаевка, Сызрань
148;Самара;0:30;Москва;0д 17:15;Сызрань, Рузаевка, Рязань
149;Санкт-Петербург;7:00;Вологда;0д 10:15;Тихвин, Череповец
150;Вологда;8:30;Санкт-Петербург;0д 10:30;Череповец, Тихвин
151;Москва;22:15;Ейск;0д 23:45;Ростов-на-Дону, Староминская 
152;Ейск;21:50;Москва;0д 23:50;Ростов-на-Дону, Воронеж 
153;Санкт-Петербург;17:00;Симферополь;1д 21:05;Рязань, Воронеж, Ростов-на-Дону, Керчь
154;Симферополь;18:20;Санкт-Петербург;1д 20:30;Джанкой, Керчь, Ростов-на-Дону, Москва (Восточный) 
155;Москва;11:00;Анапа;0д 23:30;Рязань, Воронеж, Краснодар, Крымская 
156;Анапа;12:00;Москва;0д 23:55;Краснодар, Ростов-на-Дону, Воронеж 
157;Нижний Новгород;14:00;Адлер;1д 21:55;Саранск, Пенза, Волгоград, Ростов-на-Дону, Сочи 
158;Адлер;13:30;Нижний Новгород;1д 22:15;Сочи, Ростов-на-Дону, Волгоград, Саранск, Арзамас 
159;Москва;20:00;Чита;4д 01:10;Казань, Екатеринбург, Омск, Новосибирск, Иркутск, Улан-Удэ 
160;Чита;19:30;Москва;4д 01:35;Улан-Удэ, Иркутск, Красноярск, Омск, Екатеринбург, Казань 
161;Москва;11:20;Адлер;0д 22:45;Рязань, Воронеж, Ростов-на-Дону, Краснодар
162;Адлер;12:00;Москва;0д 23:10;Сочи, Туапсе, Ростов-на-Дону, Лиски 
163;Санкт-Петербург;6:40;Иваново;0д 14:00;Тверь, Москва (Курский), Владимир, Шуя 
164;Иваново;7:20;Санкт-Петербург;0д 14:25;Владимир, Москва (Восточный), Тверь
165;Москва;23:10;Анапа;1д 00:50;Рязань, Воронеж, Ростов-на-Дону, Новороссийск 
166;Анапа;0:35;Москва;1д 01:20;Краснодар, Ростов-на-Дону, Воронеж
167;Санкт-Петербург;14:00;Самара;1д 05:50;Ярославль, Киров, Казань
168;Самара;13:30;Санкт-Петербург;1д 06:15;Казань, Киров, Ярославль
169;Казань;8:30;Новороссийск;1д 18:50;Ульяновск, Самара, Волгоград, Краснодар 
170;Новороссийск;9:10;Казань;1д 19:25;Краснодар, Волгоград, Самара, Ульяновск
171;Москва;16:45;Симферополь;1д 05:40;Рязань, Воронеж, Ростов-на-Дону, Керчь 
172;Симферополь;17:15;Москва;1д 06:15;Джанкой, Керчь, Ростов-на-Дону, Воронеж
173;Екатеринбург;9:00;Анапа;2д 00:20;Уфа, Самара, Саратов, Волгоград, Краснодар
174;Анапа;8:30;Екатеринбург;2д 00:55;Краснодар, Волгоград, Саратов, Самара, Уфа 
175;Санкт-Петербург;18:00;Астрахань;1д 18:30;Москва (Курский), Рязань, Мичуринск, Волгоград 
176;Астрахань;19:15;Санкт-Петербург;1д 18:55;Волгоград, Мичуринск, Рязань, Москва (Восточный)
177;Москва;13:30;Новороссийск;1д 00:50;Рязань, Воронеж, Ростов-на-Дону, Краснодар 
178;Новороссийск;14:15;Москва;1д 01:20;Крымская, Краснодар, Ростов-на-Дону, Лиски 
179;Санкт-Петербург;16:15;Анапа;1д 16:30;Москва (Курский), Рязань, Воронеж, Ростов-на-Дону, Краснодар 
180;Анапа;17:00;Санкт-Петербург;1д 16:55;Краснодар, Ростов-на-Дону, Воронеж, Москва (Восточный) 
181;Челябинск;11:20;Адлер;2д 05:40;Уфа, Самара, Саратов, Волгоград, Ростов-на-Дону, Сочи 
182;Адлер;10:45;Челябинск;2д 06:15;Сочи, Ростов-на-Дону, Волгоград, Саратов, Самара, Уфа 
183;Москва;18:40;Севастополь;1д 08:00;Рязань, Воронеж, Ростов-на-Дону, Керчь, Симферополь 
184;Севастополь;17:30;Москва;1д 08:35;Симферополь, Джанкой, Ростов-на-Дону, Рязань
185;Санкт-Петербург;4:50;Сухум;2д 00:15;Москва (Курский), Ростов-на-Дону, Краснодар, Сочи, Гагра 
186;Сухум;3:40;Санкт-Петербург;2д 00:40;Гагра, Сочи, Краснодар, Ростов-на-Дону, Москва (Восточный) 
187;Москва;19:10;Брянск;0д 06:10;Калуга, Сухиничи 
188;Брянск;20:20;Москва;0д 06:25;Сухиничи, Калуга 
189;Москва;23:20;Владикавказ;1д 06:50;Рязань, Воронеж, Ростов-на-Дону, Минеральные Воды, Прохладная 
190;Владикавказ;22:50;Москва;1д 07:15;Прохладная, Минеральные Воды, Ростов-на-Дону, Воронеж, Рязань 
191;Санкт-Петербург;10:40;Челябинск;2д 00:10;Ярославль, Киров, Пермь, Екатеринбург 
192;Челябинск;11:15;Санкт-Петербург;2д 00:40;Екатеринбург, Пермь, Киров, Ярославль 
193;Екатеринбург;15:30;Новороссийск;2д 05:10;Уфа, Самара, Саратов, Волгоград, Краснодар 
194;Новороссийск;16:00;Екатеринбург;2д 05:45;Краснодар, Волгоград, Саратов, Самара, Уфа 
195;Москва;5:15;Иваново;0д 07:00;Владимир, Шуя
196;Иваново;6:00;Москва;0д 06:45;Шуя, Владимир
197;Санкт-Петербург;12:40;Иркутск;4д 05:25;Москва (Ярославский), Ярославль, Киров, Омск, Красноярск  
198;Иркутск;13:00;Санкт-Петербург;4д 06:00;Красноярск, Омск, Екатеринбург, Киров, Москва (Курский)  
199;Москва;23:10;Керчь;1д 04:30;Рязань, Воронеж, Ростов-на-Дону, Краснодар  
200;Керчь;22:45;Москва;1д 05:05;Краснодар, Ростов-на-Дону, Лиски, Рязань  
201;Санкт-Петербург;0:50;Адлер;2д 00:15;Москва (Курский), Рязань, Воронеж, Ростов-на-Дону, Сочи  
202;Адлер;1:20;Санкт-Петербург;2д 00:40;Сочи, Ростов-на-Дону, Воронеж, Москва (Восточный)  
203;Москва;14:00;Анапа;1д 00:10;Рязань, Воронеж, Ростов-на-Дону, Краснодар  
204;Анапа;15:00;Москва;1д 00:35;Краснодар, Ростов-на-Дону, Воронеж, Рязань  
205;Екатеринбург;18:30;Симферополь;2д 05:50;Уфа, Самара, Саратов, Волгоград, Ростов-на-Дону, Керчь  
206;Симферополь;17:50;Екатеринбург;2д 06:20;Джанкой, Керчь, Ростов-на-Дону, Самара, Уфа  
207;Москва;8:00;Новороссийск;1д 00:40;Рязань, Мичуринск, Ростов-на-Дону, Краснодар  
208;Новороссийск;7:30;Москва;1д 01:10;Крымская, Краснодар, Ростов-на-Дону, Воронеж  
209;Мурманск;10:40;Анапа;2д 16:50;Санкт-Петербург, Москва (Курский), Ростов-на-Дону, Краснодар  
210;Анапа;11:20;Мурманск;2д 17:15;Краснодар, Ростов-на-Дону, Москва (Восточный), Санкт-Петербург
211;Иркутск;17:30;Адлер;4д 08:15;Красноярск, Новосибирск, Екатеринбург, Самара, Волгоград, Ростов-на-Дону
212;Адлер;18:00;Иркутск;4д 08:50;Сочи, Ростов-на-Дону, Самара, Екатеринбург, Новосибирск, Красноярск
213;Москва;15:55;Сочи;0д 23:50;Рязань, Воронеж, Ростов-на-Дону, Туапсе  
214;Сочи;16:30;Москва;1д 00:10;Туапсе, Краснодар, Ростов-на-Дону, Лиски
215;Санкт-Петербург;2:10;Новороссийск;1д 18:55;Москва (Курский), Воронеж, Ростов-на-Дону, Краснодар  
216;Новороссийск;3:00;Санкт-Петербург;1д 19:20;Крымская, Краснодар, Ростов-на-Дону, Москва (Восточный)
217;Екатеринбург;21:00;Анапа;2д 02:40;Уфа, Самара, Саратов, Волгоград, Краснодар  
218;Анапа;22:30;Екатеринбург;2д 03:10;Краснодар, Волгоград, Саратов, Самара, Уфа
219;Москва;10:30;Геленджик;1д 00:50;Рязань, Воронеж, Ростов-на-Дону, Новороссийск  
220;Геленджик;11:00;Москва;1д 01:25;Новороссийск, Краснодар, Ростов-на-Дону, Рязань
221;Санкт-Петербург;13:50;Владивосток;7д 04:00;Москва (Ярославский), Киров, Екатеринбург, Омск, Иркутск, Хабаровск  
222;Владивосток;14:15;Санкт-Петербург;7д 04:35;Хабаровск, Иркутск, Омск, Екатеринбург, Киров, Москва (Курский)
223;Москва;18:00;Керчь;1д 05:00;Рязань, Воронеж, Ростов-на-Дону, Краснодар  
224;Керчь;19:30;Москва;1д 05:35;Краснодар, Ростов-на-Дону, Лиски, Рязань
225;Мурманск;19:30;Новороссийск;2д 18:40;Санкт-Петербург, Москва, Ростов-на-Дону, Краснодар  
226;Новороссийск;20:15;Мурманск;2д 19:05;Ростов-на-Дону, Воронеж, Москва, Санкт-Петербург, Петрозаводск
227;Москва;14:10;Анапа;1д 00:55;Рязань, Воронеж, Ростов-на-Дону, Краснодар  
228;Анапа;15:00;Москва;1д 01:20;Крымская, Краснодар, Ростов-на-Дону, Лиски
229;Санкт-Петербург;9:30;Адлер;2д 00:50;Москва, Ростов-на-Дону, Краснодар, Сочи  
230;Адлер;10:15;Санкт-Петербург;2д 01:15;Туапсе, Краснодар, Ростов-на-Дону, Воронеж, Москва
231;Екатеринбург;12:45;Симферополь;2д 07:10;Уфа, Самара, Саратов, Волгоград, Ростов-на-Дону, Керчь  
232;Симферополь;13:20;Екатеринбург;2д 07:45;Джанкой, Керчь, Ростов-на-Дону, Волгоград, Самара, Уфа
233;Москва;17:00;Новороссийск;1д 01:40;Рязань, Воронеж, Ростов-на-Дону, Краснодар  
234;Новороссийск;17:45;Москва;1д 02:05;Крымская, Краснодар, Ростов-на-Дону, Лиски, Рязань
235;Томск;18:30;Адлер;4д 05:00;Новосибирск, Омск, Екатеринбург, Самара, Волгоград, Ростов-на-Дону  
236;Адлер;19:15;Томск;4д 05:35;Ростов-на-Дону, Волгоград, Самара, Екатеринбург, Омск, Новосибирск
237;Санкт-Петербург;11:15;Иркутск;4д 08:30;Москва, Киров, Пермь, Екатеринбург, Омск, Красноярск  
238;Иркутск;12:00;Санкт-Петербург;4д 09:00;Красноярск, Омск, Екатеринбург, Пермь, Киров, Москва
239;Москва;21:30;Сухум;1д 07:15;Рязань, Воронеж, Ростов-на-Дону, Сочи, Гагра  
240;Сухум;22:00;Москва;1д 07:40;Гагра, Сочи, Ростов-на-Дону, Воронеж, Рязань
241;Москва;12:15;Анапа;1д 01:40;Рязань, Воронеж, Ростов-на-Дону, Краснодар
242;Анапа;13:00;Москва;1д 02:05;Крымская, Краснодар, Ростов-на-Дону, Лиски
243;Санкт-Петербург;16:50;Адлер;2д 00:10;Москва, Ростов-на-Дону, Краснодар, Сочи
244;Адлер;17:35;Санкт-Петербург;2д 00:35;Туапсе, Краснодар, Ростов-на-Дону, Воронеж, Москва
245;Екатеринбург;23:45;Новороссийск;2д 04:50;Уфа, Самара, Саратов, Волгоград, Краснодар
246;Новороссийск;0:20;Екатеринбург;2д 05:15;Краснодар, Волгоград, Самара, Уфа
247;Москва;5:00;Симферополь;1д 06:15;Рязань, Воронеж, Ростов-на-Дону, Керчь
248;Симферополь;6:20;Москва;1д 06:40;Джанкой, Керчь, Ростов-на-Дону, Воронеж
249;Омск;10:10;Анапа;3д 00:50;Самара, Волгоград, Ростов-на-Дону, Краснодар
250;Анапа;10:45;Омск;3д 01:20;Краснодар, Ростов-на-Дону, Волгоград, Самара
251;Санкт-Петербург;13:50;Казань;1д 00:30;Тверь, Москва, Нижний Новгород
252;Казань;14:30;Санкт-Петербург;1д 00:55;Нижний Новгород, Москва, Тверь
253;Москва;21:05;Севастополь;1д 07:30;Рязань, Воронеж, Ростов-на-Дону, Симферополь
254;Севастополь;21:40;Москва;1д 07:55;Симферополь, Джанкой, Ростов-на-Дону, Лиски
255;Красноярск;16:40;Адлер;4д 01:10;Новосибирск, Омск, Екатеринбург, Самара, Волгоград
256;Адлер;17:00;Красноярск;4д 01:45;Ростов-на-Дону, Волгоград, Самара, Екатеринбург, Омск, Новосибирск
257;Москва;19:40;Анапа;1д 00:15;Рязань, Воронеж, Ростов-на-Дону, Краснодар
258;Анапа;20:25;Москва;1д 00:45;Крымская, Краснодар, Ростов-на-Дону, Лиски
259;Санкт-Петербург;21:30;Новороссийск;1д 19:15;Москва, Ростов-на-Дону, Краснодар
260;Новороссийск;22:15;Санкт-Петербург;1д 19:40;Краснодар, Ростов-на-Дону, Воронеж, Москва
261;Екатеринбург;18:00;Анапа;2д 03:00;Уфа, Самара, Саратов, Волгоград, Краснодар
262;Анапа;18:45;Екатеринбург;2д 03:35;Краснодар, Волгоград, Самара, Уфа
263;Москва;8:30;Адлер;0д 23:40;Рязань, Воронеж, Ростов-на-Дону, Туапсе
264;Адлер;9:15;Москва;0д 23:59;Сочи, Туапсе, Краснодар, Ростов-на-Дону
265;Ростов-на-Дону;14:00;Симферополь;0д 18:30;Краснодар, Керчь, Джанкой
266;Симферополь;14:45;Ростов-на-Дону;0д 18:55;Джанкой, Керчь, Краснодар
267;Санкт-Петербург;12:00;Владикавказ;1д 20:50;Москва, Воронеж, Ростов-на-Дону, Мин. Воды, Прохладная
268;Владикавказ;13:30;Санкт-Петербург;1д 21:20;Прохладная, Мин. Воды, Ростов-на-Дону, Воронеж, Москва
269;Москва;23:00;Пенза;0д 13:00;Рязань, Рузаевка
270;Пенза;22:30;Москва;0д 13:30;Рузаевка, Рязань
271;Новороссийск;5:40;Красноярск;4д 00:20;Ростов, Волгоград, Самара, Екатеринбург, Омск, Новосибирск
272;Красноярск;6:15;Новороссийск;4д 00:55;Новосибирск, Омск, Екатеринбург, Самара, Волгоград, Ростов
273;Москва;11:30;Анапа;1д 00:45;Рязань, Воронеж, Ростов-на-Дону, Краснодар
274;Анапа;12:15;Москва;1д 01:10;Крымская, Краснодар, Ростов-на-Дону, Лиски
275;Санкт-Петербург;17:15;Сочи;2д 00:05;Москва, Ростов-на-Дону, Туапсе
276;Сочи;18:00;Санкт-Петербург;2д 00:35;Туапсе, Краснодар, Ростов-на-Дону, Воронеж, Москва
277;Екатеринбург;14:00;Новороссийск;2д 06:15;Уфа, Самара, Саратов, Волгоград, Краснодар
278;Новороссийск;14:30;Екатеринбург;2д 06:40;Краснодар, Волгоград, Самара, Уфа
279;Москва;3:20;Симферополь;1д 08:30;Рязань, Воронеж, Ростов-на-Дону, Керчь
280;Симферополь;4:15;Москва;1д 08:55;Джанкой, Керчь, Ростов-на-Дону, Воронеж
281;Череповец;16:00;Адлер;2д 02:40;Вологда, Ярославль, Москва, Воронеж, Ростов-на-Дону
282;Адлер;17:15;Череповец;2д 03:05;Ростов-на-Дону, Воронеж, Москва, Ярославль, Вологда
283;Москва;23:45;Анапа;1д 01:25;Рязань, Воронеж, Ростов-на-Дону, Краснодар
284;Анапа;0:30;Москва;1д 01:50;Крымская, Краснодар, Ростов-на-Дону, Лиски
285;Мурманск;9:10;Новороссийск;2д 19:00;Санкт-Петербург, Москва, Ростов-на-Дону, Краснодар
286;Новороссийск;8:40;Мурманск;2д 19:35;Ростов-на-Дону, Воронеж, Москва, Санкт-Петербург, Петрозаводск
287;Москва;17:50;Керчь;1д 06:20;Рязань, Воронеж, Ростов-на-Дону, Краснодар
288;Керчь;18:30;Москва;1д 06:45;Краснодар, Ростов-на-Дону, Лиски, Рязань
289;Санкт-Петербург;0:15;Севастополь;1д 23:40;Москва, Ростов-на-Дону, Керчь, Симферополь
290;Севастополь;1:00;Санкт-Петербург;2д 00:05;Симферополь, Джанкой, Ростов-на-Дону, Москва
291;Казань;11:30;Адлер;1д 22:15;Самара, Саратов, Волгоград, Ростов-на-Дону, Сочи
292;Адлер;10:45;Казань;1д 22:50;Сочи, Ростов-на-Дону, Волгоград, Самара
293;Москва;16:50;Усинск;1д 14:00;Ярославль, Котлас, Печора
294;Усинск;17:30;Москва;1д 14:35;Печора, Котлас, Ярославль
295;Санкт-Петербург;15:00;Новороссийск;1д 15:45;Москва, Воронеж, Ростов-на-Дону, Краснодар
296;Новороссийск;16:15;Санкт-Петербург;1д 16:10;Краснодар, Ростов-на-Дону, Воронеж, Москва
297;Москва;9:00;Анапа;1д 01:30;Рязань, Воронеж, Ростов-на-Дону, Краснодар
298;Анапа;9:45;Москва;1д 02:00;Крымская, Краснодар, Ростов-на-Дону, Лиски
299;Москва;14:10;Адлер;1д 01:20;Рязань, Воронеж, Ростов-на-Дону, Краснодар, Туапсе  
300;Адлер;15:00;Москва;1д 01:45;Сочи, Туапсе, Краснодар, Ростов-на-Дону, Воронеж, Рязань  
301;Адлер;4:30;Минск;2д 05:00;Краснодар, Ростов-на-Дону, Воронеж, Орел, Смоленск, Орша
302;Минск;5:15;Адлер;2д 05:35;Орша, Смоленск, Орел, Воронеж, Ростов-на-Дону, Краснодар
303;Москва;23:10;Ташкент;4д 02:40;Самара, Оренбург, Аральск, Туркестан, Сары-Агач
304;Ташкент;22:30;Москва;4д 03:00;Сары-Агач, Туркестан, Аральск, Оренбург, Самара
305;Екатеринбург;10:30;Адлер;2д 10:45;Уфа, Самара, Саратов, Волгоград, Ростов-на-Дону
306;Адлер;11:15;Екатеринбург;2д 11:20;Ростов-на-Дону, Волгоград, Самара, Уфа
307;Москва;13:00;Назрань;1д 13:50;Рязань, Воронеж, Ростов-на-Дону, Минеральные Воды, Прохладная, Грозный
308;Назрань;14:15;Москва;1д 14:25;Грозный, Прохладная, Минеральные Воды, Ростов-на-Дону, Воронеж
309;Санкт-Петербург;16:50;Вологда;0д 14:20;Тихвин, Череповец  
310;Вологда;17:35;Санкт-Петербург;0д 14:45;Череповец, Тихвин
311;Новороссийск;18:00;Воркута;4д 01:50;Ростов-на-Дону, Лиски, Поворино, Саратов, Самара, Екатеринбург, Вятка, Котлас
312;Воркута;17:40;Новороссийск;4д 02:20;Котлас, Вятка, Екатеринбург, Самара, Саратов, Волгоград, Ростов-на-Дону
313;Москва;7:00;Сухум;1д 10:30;Рязань, Воронеж, Ростов-на-Дону, Краснодар, Сочи, Гагра
314;Сухум;8:30;Москва;1д 10:55;Гагра, Сочи, Краснодар, Ростов-на-Дону, Воронеж
315;Санкт-Петербург;19:00;Симферополь;2д 00:00;Москва, Воронеж, Ростов-на-Дону, Керчь
316;Симферополь;18:30;Санкт-Петербург;2д 00:30;Керчь, Ростов-на-Дону, Воронеж, Москва
317;Москва;20:45;Кишинев;1д 05:10;Брянск, Киев, Жмеринка
318;Кишинев;21:30;Москва;1д 05:40;Жмеринка, Киев, Брянск
319;Красноярск;16:00;Адлер;4д 05:40;Новосибирск, Омск, Екатеринбург, Самара, Волгоград, Ростов-на-Дону
320;Адлер;16:40;Красноярск;4д 06:15;Ростов-на-Дону, Волгоград, Самара, Екатеринбург, Омск, Новосибирск
321;Москва;23:30;Абакан;3д 00:15;Казань, Екатеринбург, Омск, Новосибирск, Ачинск
322;Абакан;22:45;Москва;3д 00:50;Ачинск, Новосибирск, Омск, Екатеринбург, Казань
323;Санкт-Петербург;14:00;Новороссийск;1д 20:30;Москва, Ростов-на-Дону, Краснодар  
324;Новороссийск;15:15;Санкт-Петербург;1д 20:55;Краснодар, Ростов-на-Дону, Воронеж, Москва
325;Нижний Новгород;11:45;Новороссийск;2д 05:30;Саранск, Пенза, Саратов, Волгоград, Краснодар
326;Новороссийск;12:30;Нижний Новгород;2д 06:05;Краснодар, Волгоград, Саратов, Пенза, Арзамас
327;Екатеринбург;21:30;Симферополь;2д 10:40;Уфа, Самара, Саратов, Волгоград, Ростов-на-Дону, Керчь
328;Симферополь;22:15;Екатеринбург;2д 11:15;Джанкой, Керчь, Ростов-на-Дону, Волгоград, Самара, Уфа
329;Москва;5:00;Петрозаводск;0д 16:20;Тверь, Бологое, Волховстрой, Свирь
330;Петрозаводск;6:15;Москва;0д 16:55;Свирь, Волховстрой, Бологое, Тверь
331;Новосибирск;19:40;Ташкент;4д 04:10;Барнаул, Семипалатинск, Шымкент, Сары-Агач  
332;Ташкент;18:00;Новосибирск;4д 05:00;Сары-Агач, Шымкент, Семипалатинск, Барнаул
333;Санкт-Петербург;15:30;Архангельск;1д 01:10;Вологда, Коноша, Обозерская
334;Архангельск;16:15;Санкт-Петербург;1д 01:35;Обозерская, Коноша, Вологда
335;Москва;22:00;Новороссийск;1д 08:45;Рязань, Воронеж, Ростов-на-Дону, Краснодар
336;Новороссийск;22:45;Москва;1д 09:10;Крымская, Краснодар, Ростов-на-Дону, Лиски
337;Санкт-Петербург;10:00;Киев;1д 00:30;Псков, Витебск, Орша, Жмеринка  
338;Киев;11:15;Санкт-Петербург;1д 01:05;Жмеринка, Орша, Витебск, Псков
339;Нижний Новгород;19:40;Владивосток;6д 10:00;Киров, Пермь, Екатеринбург, Омск, Иркутск, Хабаровск  
340;Владивосток;18:00;Нижний Новгород;6д 11:30;Хабаровск, Иркутск, Омск, Екатеринбург, Пермь, Киров
341;Нижневартовск;16:00;Адлер;3д 00:40;Тюмень, Екатеринбург, Уфа, Самара, Волгоград, Ростов-на-Дону
342;Адлер;17:15;Нижневартовск;3д 01:15;Ростов-на-Дону, Волгоград, Самара, Уфа, Екатеринбург, Тюмень
343;Челябинск;18:30;Симферополь;2д 15:20;Уфа, Самара, Саратов, Волгоград, Ростов-на-Дону, Керчь
344;Симферополь;19:10;Челябинск;2д 15:55;Джанкой, Керчь, Ростов-на-Дону, Волгоград, Самара, Уфа
345;Москва;21:30;Липецк;0д 12:40;Рязань, Мичуринск, Грязи
346;Липецк;20:00;Москва;0д 13:05;Грязи, Мичуринск, Рязань
347;Санкт-Петербург;14:00;Уфа;1д 18:50;Вологда, Киров, Казань
348;Уфа;15:15;Санкт-Петербург;1д 19:20;Казань, Киров, Вологда
349;Москва;10:30;Пермь;1д 04:00;Ярославль, Киров, Верещагино
350;Пермь;11:45;Москва;1д 04:35;Верещагино, Киров, Ярославль
351;Новосибирск;15:40;Анапа;4д 02:10;Омск, Екатеринбург, Самара, Волгоград, Ростов-на-Дону, Краснодар
352;Анапа;16:25;Новосибирск;4д 02:45;Краснодар, Ростов-на-Дону, Волгоград, Самара, Екатеринбург, Омск
353;Москва;18:20;Томск;2д 08:30;Екатеринбург, Тюмень, Омск, Новосибирск
354;Томск;17:30;Москва;2д 09:05;Новосибирск, Омск, Тюмень, Екатеринбург
355;Санкт-Петербург;20:10;Архангельск;1д 02:40;Вологда, Няндома, Обозерская
356;Архангельск;19:30;Санкт-Петербург;1д 03:15;Обозерская, Няндома, Вологда
357;Москва;4:30;Элиста;1д 00:50;Рязань, Мичуринск, Волгоград, Котельниково, Дивное
358;Элиста;5:00;Москва;1д 01:25;Дивное, Котельниково, Волгоград, Мичуринск, Рязань
359;Санкт-Петербург;10:45;Красноярск;3д 06:10;Москва, Киров, Екатеринбург, Омск, Новосибирск
360;Красноярск;11:30;Санкт-Петербург;3д 06:45;Новосибирск, Омск, Екатеринбург, Киров, Москва
361;Москва;23:45;Уральск;1д 15:30;Рязань, Самара, Пугачевск, Озинки  
362;Уральск;23:10;Москва;1д 16:05;Озинки, Пугачевск, Самара, Рязань
363;Пермь;16:20;Симферополь;2д 14:40;Казань, Самара, Саратов, Волгоград, Ростов-на-Дону, Керчь
364;Симферополь;17:00;Пермь;2д 15:15;Джанкой, Керчь, Ростов-на-Дону, Волгоград, Самара, Казань
365;Москва;15:00;Саранск;0д 16:40;Рязань, Рузаевка
366;Саранск;15:30;Москва;0д 17:15;Рузаевка, Рязань
367;Санкт-Петербург;0:50;Ташкент;4д 05:20;Москва, Самара, Оренбург, Аральск, Туркестан
368;Ташкент;1:30;Санкт-Петербург;4д 05:55;Туркестан, Аральск, Оренбург, Самара, Москва
369;Москва;14:30;Кемерово;2д 11:50;Екатеринбург, Тюмень, Омск, Новосибирск
370;Кемерово;13:45;Москва;2д 12:20;Новосибирск, Омск, Тюмень, Екатеринбург
371;Череповец;8:30;Симферополь;2д 00:10;Вологда, Ярославль, Москва, Воронеж, Ростов-на-Дону, Керчь
372;Симферополь;9:15;Череповец;2д 00:45;Керчь, Ростов-на-Дону, Воронеж, Москва, Ярославль, Вологда
373;Москва;19:00;Грозный;1д 15:00;Рязань, Воронеж, Ростов-на-Дону, Мин. Воды, Прохладная
374;Грозный;20:30;Москва;1д 15:35;Прохладная, Мин. Воды, Ростов-на-Дону, Воронеж, Рязань
375;Екатеринбург;12:00;Ташкент;3д 01:55;Оренбург, Актюбинск, Аральск, Туркестан
376;Ташкент;13:15;Екатеринбург;3д 02:30;Туркестан, Аральск, Оренбург
377;Санкт-Петербург;15:45;Улан-Удэ;4д 10:20;Москва, Киров, Екатеринбург, Омск, Красноярск, Иркутск
378;Улан-Удэ;16:30;Санкт-Петербург;4д 10:55;Иркутск, Красноярск, Омск, Екатеринбург, Киров, Москва
379;Москва;21:00;Калининград;1д 00:30;Смоленск, Минск, Вильнюс, Каунас
380;Калининград;21:45;Москва;1д 00:55;Каунас, Вильнюс, Минск, Смоленск
381;Пермь;9:30;Новороссийск;2д 05:50;Казань, Самара, Саратов, Волгоград, Краснодар
382;Новороссийск;10:15;Пермь;2д 06:15;Краснодар, Волгоград, Саратов, Самара, Казань
383;Санкт-Петербург;11:00;Курск;0д 16:45;Москва, Тула, Орел
384;Курск;12:15;Санкт-Петербург;0д 17:10;Орел, Тула, Москва
385;Москва;17:10;Челябинск;1д 14:50;Рязань, Самара, Уфа
386;Челябинск;18:30;Москва;1д 15:25;Уфа, Самара, Рязань
387;Новосибирск;14:30;Адлер;4д 04:15;Омск, Екатеринбург, Самара, Саратов, Волгоград, Ростов-на-Дону
388;Адлер;15:15;Новосибирск;4д 04:50;Ростов-на-Дону, Волгоград, Самара, Екатеринбург, Омск
389;Москва;7:00;Архангельск;1д 02:10;Ярославль, Вологда, Коноша, Няндома
390;Архангельск;8:30;Москва;1д 02:45;Няндома, Коноша, Вологда, Ярославль
391;Санкт-Петербург;12:45;Астрахань;2д 00:30;Москва, Воронеж, Волгоград
392;Астрахань;13:20;Санкт-Петербург;2д 01:05;Волгоград, Воронеж, Москва
393;Москва;23:15;Мурманск;1д 23:40;Ярославль, Вологда, Няндома, Котлас, Кандалакша
394;Мурманск;22:30;Москва;2д 00:05;Кандалакша, Котлас, Няндома, Вологда, Ярославль
395;Нижний Новгород;17:00;Уфа;1д 05:40;Казань, Ижевск, Нефтекамск
396;Уфа;17:35;Нижний Новгород;1д 06:15;Нефтекамск, Ижевск, Казань
397;Москва;10:10;Йошкар-Ола;0д 16:50;Владимир, Арзамас, Канаш
398;Йошкар-Ола;11:30;Москва;0д 17:25;Канаш, Арзамас, Владимир
399;Санкт-Петербург;14:40;Казань;1д 04:30;Тверь, Москва, Нижний Новгород, Канаш
400;Казань;15:20;Санкт-Петербург;1д 04:55;Канаш, Нижний Новгород, Москва, Тверь
401;Москва;20:30;Киров;0д 15:55;Ярославль, Кострома
402;Киров;21:05;Москва;0д 16:20;Кострома, Ярославль
403;Нижневартовск;8:00;Москва;2д 08:15;Тюмень, Екатеринбург, Казань, Нижний Новгород
404;Москва;9:15;Нижневартовск;2д 08:40;Нижний Новгород, Казань, Екатеринбург, Тюмень
405;Санкт-Петербург;0:10;Новороссийск;1д 20:50;Москва, Воронеж, Ростов-на-Дону, Краснодар
406;Новороссийск;1:00;Санкт-Петербург;1д 21:25;Краснодар, Ростов-на-Дону, Воронеж, Москва
407;Москва;16:30;Кисловодск;1д 07:10;Рязань, Воронеж, Ростов-на-Дону, Мин. Воды, Пятигорск
408;Кисловодск;17:00;Москва;1д 07:45;Пятигорск, Мин. Воды, Ростов-на-Дону, Воронеж, Рязань
409;Екатеринбург;19:10;Адлер;2д 06:40;Уфа, Самара, Саратов, Волгоград, Ростов-на-Дону, Сочи
410;Адлер;20:00;Екатеринбург;2д 07:15;Сочи, Ростов-на-Дону, Волгоград, Самара, Уфа
411;Москва;8:00;Махачкала;1д 16:20;Рязань, Воронеж, Ростов-на-Дону, Астрахань, Кизляр
412;Махачкала;9:15;Москва;1д 16:55;Кизляр, Астрахань, Ростов-на-Дону, Воронеж
413;Санкт-Петербург;15:00;Челябинск;2д 00:45;Вологда, Киров, Пермь, Екатеринбург
414;Челябинск;15:45;Санкт-Петербург;2д 01:20;Екатеринбург, Пермь, Киров, Вологда
415;Москва;21:45;Ижевск;1д 01:20;Муром, Арзамас, Канаш, Агрыз
416;Ижевск;22:30;Москва;1д 01:55;Агрыз, Канаш, Арзамас, Муром
417;Санкт-Петербург;18:40;Волгоград;1д 16:00;Москва, Рязань, Мичуринск, Поворино
418;Волгоград;19:25;Санкт-Петербург;1д 16:35;Поворино, Мичуринск, Рязань, Москва
419;Москва;6:40;Севастополь;1д 07:30;Рязань, Ростов-на-Дону, Керчь, Симферополь
420;Севастополь;7:20;Москва;1д 07:55;Симферополь, Джанкой, Ростов-на-Дону, Воронеж
421;Санкт-Петербург;12:00;Абакан;4д 02:40;Москва, Киров, Екатеринбург, Омск, Новосибирск, Ачинск
422;Абакан;12:45;Санкт-Петербург;4д 03:15;Ачинск, Новосибирск, Омск, Екатеринбург, Киров, Москва
423;Москва;15:30;Ставрополь;1д 04:00;Рязань, Воронеж, Ростов-на-Дону, Армавир, Невинномысск
424;Ставрополь;16:15;Москва;1д 04:35;Невинномысск, Армавир, Ростов-на-Дону, Воронеж
425;Нижний Новгород;20:00;Симферополь;2д 03:30;Саранск, Пенза, Саратов, Волгоград, Ростов-на-Дону, Керчь
426;Симферополь;21:15;Нижний Новгород;2д 04:05;Керчь, Ростов-на-Дону, Волгоград, Саранск, Арзамас
427;Санкт-Петербург;13:30;Киров;1д 02:00;Вологда, Кострома
428;Киров;14:15;Санкт-Петербург;1д 02:35;Кострома, Вологда
429;Москва;9:40;Владикавказ;1д 07:50;Рязань, Воронеж, Ростов-на-Дону, Мин. Воды, Прохладная
430;Владикавказ;10:25;Москва;1д 08:25;Прохладная, Мин. Воды, Ростов-на-Дону, Воронеж
431;Санкт-Петербург;20:30;Адлер;2д 01:55;Москва, Ростов-на-Дону, Краснодар, Сочи
432;Адлер;21:15;Санкт-Петербург;2д 02:20;Сочи, Туапсе, Краснодар, Ростов-на-Дону, Москва
433;Москва;14:00;Анапа;1д 02:40;Рязань, Воронеж, Ростов-на-Дону, Краснодар
434;Анапа;14:45;Москва;1д 03:05;Крымская, Краснодар, Ростов-на-Дону, Лиски
435;Екатеринбург;18:20;Новороссийск;2д 08:15;Уфа, Самара, Саратов, Волгоград, Краснодар
436;Новороссийск;19:00;Екатеринбург;2д 08:40;Краснодар, Волгоград, Самара, Уфа
437;Санкт-Петербург;16:50;Севастополь;2д 02:10;Москва, Ростов-на-Дону, Керчь, Симферополь
438;Севастополь;17:35;Санкт-Петербург;2д 02:45;Симферополь, Джанкой, Ростов-на-Дону, Москва
439;Москва;5:40;Владивосток;7д 05:30;Ярославль, Киров, Пермь, Екатеринбург, Омск, Иркутск, Хабаровск
440;Владивосток;6:20;Москва;7д 06:10;Хабаровск, Иркутск, Омск, Екатеринбург, Пермь, Киров, Ярославль
441;Новосибирск;10:30;Анапа;4д 03:00;Омск, Екатеринбург, Самара, Волгоград, Ростов-на-Дону, Краснодар
442;Анапа;11:15;Новосибирск;4д 03:35;Краснодар, Ростов-на-Дону, Волгоград, Самара, Екатеринбург, Омск
443;Москва;23:00;Усинск;1д 15:30;Ярославль, Вологда, Котлас, Печора
444;Усинск;22:15;Москва;1д 16:05;Печора, Котлас, Вологда, Ярославль
445;Санкт-Петербург;15:30;Кисловодск;2д 01:20;Москва, Воронеж, Ростов-на-Дону, Мин. Воды, Пятигорск
446;Кисловодск;16:10;Санкт-Петербург;2д 01:55;Пятигорск, Мин. Воды, Ростов-на-Дону, Воронеж, Москва
447;Москва;19:50;Саратов;0д 16:55;Рязань, Мичуринск, Ртищево
448;Саратов;20:30;Москва;0д 17:20;Ртищево, Мичуринск, Рязань
449;Екатеринбург;11:45;Новороссийск;2д 09:10;Уфа, Самара, Саратов, Волгоград, Краснодар
450;Новороссийск;12:30;Екатеринбург;2д 09:35;Краснодар, Волгоград, Самара, Уфа
451;Екатеринбург;14:10;Анапа;2д 10:45;Уфа, Самара, Саратов, Волгоград, Краснодар
452;Анапа;15:00;Екатеринбург;2д 11:15;Краснодар, Волгоград, Самара, Уфа
453;Уфа;18:30;Адлер;2д 04:50;Самара, Саратов, Волгоград, Ростов-на-Дону, Сочи
454;Адлер;19:15;Уфа;2д 05:25;Сочи, Ростов-на-Дону, Волгоград, Самара
455;Челябинск;10:00;Новороссийск;2д 14:20;Уфа, Самара, Саратов, Волгоград, Краснодар
456;Новороссийск;11:30;Челябинск;2д 14:55;Краснодар, Волгоград, Самара, Уфа
457;Самара;1:15;Имеретинский Курорт;1д 18:40;Саратов, Волгоград, Ростов-на-Дону, Сочи
458;Имеретинский Курорт;2:00;Самара;1д 19:15;Сочи, Ростов-на-Дону, Волгоград, Саратов
459;Казань;16:45;Анапа;2д 03:20;Саранск, Пенза, Ростов-на-Дону, Краснодар
460;Анапа;17:30;Казань;2д 03:55;Краснодар, Ростов-на-Дону, Пенза, Саранск
461;Нижний Новгород;19:00;Адлер;2д 06:10;Арзамас, Саранск, Пенза, Ростов-на-Дону, Сочи
462;Адлер;20:15;Нижний Новгород;2д 06:45;Сочи, Ростов-на-Дону, Пенза, Саранск, Арзамас
463;Пермь;8:10;Новороссийск;2д 15:40;Ижевск, Казань, Самара, Саратов, Волгоград, Краснодар
464;Новороссийск;9:00;Пермь;2д 16:15;Краснодар, Волгоград, Самара, Казань, Ижевск
465;Москва;22:00;Симферополь;1д 11:30;Рязань, Воронеж, Ростов-на-Дону, Керчь, Джанкой
466;Симферополь;22:45;Москва;1д 12:05;Джанкой, Керчь, Ростов-на-Дону, Воронеж
467;Санкт-Петербург;15:00;Адлер;2д 10:20;Москва, Ростов-на-Дону, Краснодар, Сочи, Туапсе 
468;Адлер;16:15;Санкт-Петербург;2д 10:55;Сочи, Туапсе, Краснодар, Ростов-на-Дону, Москва
469;Новосибирск;17:30;Анапа;4д 05:10;Омск, Екатеринбург, Самара, Волгоград, Ростов-на-Дону, Краснодар
470;Анапа;18:45;Новосибирск;4д 05:45;Краснодар, Ростов-на-Дону, Волгоград, Самара, Екатеринбург, Омск
471;Красноярск;10:00;Адлер;4д 02:45;Новосибирск, Омск, Екатеринбург, Самара, Саратов, Волгоград, Ростов-на-Дону
472;Адлер;11:15;Красноярск;4д 03:20;Ростов-на-Дону, Волгоград, Самара, Екатеринбург, Омск, Новосибирск
473;Иркутск;12:30;Анапа;5д 01:50;Красноярск, Омск, Екатеринбург, Уфа, Самара, Волгоград, Ростов-на-Дону
474;Анапа;13:45;Иркутск;5д 02:25;Ростов-на-Дону, Волгоград, Самара, Уфа, Екатеринбург, Омск, Красноярск
475;Ростов-на-Дону;6:00;Имеретинский Курорт;0д 12:30;Краснодар, Туапсе, Сочи
476;Имеретинский Курорт;7:15;Ростов-на-Дону;0д 13:05;Сочи, Туапсе, Краснодар
477;Вологда;16:00;Адлер;2д 04:10;Ярославль, Москва, Воронеж, Ростов-на-Дону, Сочи
478;Адлер;17:15;Вологда;2д 04:45;Сочи, Ростов-на-Дону, Воронеж, Москва, Ярославль
479;Архангельск;14:30;Новороссийск;2д 19:50;Вологда, Ярославль, Москва, Воронеж, Ростов-на-Дону, Краснодар
480;Новороссийск;15:45;Архангельск;2д 20:25;Краснодар, Ростов-на-Дону, Воронеж, Москва, Ярославль, Вологда
481;Саратов;15:30;Адлер;1д 12:40;Волгоград, Ростов-на-Дону, Сочи
482;Адлер;16:15;Саратов;1д 13:05;Сочи, Ростов-на-Дону, Волгоград
483;Волгоград;9:00;Адлер;1д 04:30;Ростов-на-Дону, Краснодар, Туапсе, Сочи
484;Адлер;10:15;Волгоград;1д 05:05;Сочи, Краснодар, Ростов-на-Дону
485;Ижевск;20:30;Адлер;2д 05:10;Казань, Самара, Саратов, Волгоград, Ростов-на-Дону, Сочи
486;Адлер;21:15;Ижевск;2д 05:45;Сочи, Ростов-на-Дону, Волгоград, Самара, Казань
487;Мурманск;5:00;Адлер;3д 14:00;СПб, Москва, Воронеж, Ростов-на-Дону, Краснодар
488;Адлер;6:15;Мурманск;3д 14:35;Краснодар, Ростов-на-Дону, Воронеж, Москва, СПб
489;Нижний Новгород;18:00;Новороссийск;2д 03:20;Арзамас, Пенза, Ростов-на-Дону, Краснодар
490;Новороссийск;19:10;Нижний Новгород;2д 03:55;Краснодар, Ростов-на-Дону, Пенза, Арзамас
491;Ростов-на-Дону;12:00;Анапа;0д 07:10;Краснодар, Крымская 
492;Анапа;13:30;Ростов-на-Дону;0д 07:35;Крымская, Краснодар
493;Уфа;14:40;Симферополь;2д 06:20;Самара, Саратов, Волгоград, Ростов-на-Дону, Керчь
494;Симферополь;15:25;Уфа;2д 06:55;Керчь, Ростов-на-Дону, Волгоград, Самара
495;Санкт-Петербург;23:50;Анапа;1д 23:30;Москва, Воронеж, Ростов-на-Дону, Краснодар 
496;Анапа;0:45;Санкт-Петербург;2д 00:05;Краснодар, Ростов-на-Дону, Воронеж, Москва
497;Москва;10:00;Новороссийск;1д 06:15;Рязань, Воронеж, Ростов-на-Дону, Краснодар
498;Новороссийск;11:30;Москва;1д 06:40;Краснодар, Ростов-на-Дону, Воронеж, Рязань
499;Киров;13:30;Анапа;2д 10:45;Казань, Саранск, Пенза, Ростов-на-Дону, Краснодар
500;Анапа;14:15;Киров;2д 11:20;Краснодар, Ростов-на-Дону, Пенза, Саранск, Казань
501;Нижний Новгород;9:00;Анапа;2д 01:50;Арзамас, Пенза, Ростов-на-Дону, Краснодар
502;Анапа;10:10;Нижний Новгород;2д 02:25;Краснодар, Ростов-на-Дону, Пенза, Арзамас
503;Уфа;21:00;Новороссийск;2д 08:30;Самара, Саратов, Волгоград, Краснодар
504;Новороссийск;22:15;Уфа;2д 09:05;Краснодар, Волгоград, Самара
505;Екатеринбург;17:30;Симферополь;3д 00:10;Уфа, Самара, Саратов, Волгоград, Ростов-на-Дону, Керчь
506;Симферополь;18:45;Екатеринбург;3д 00:45;Керчь, Ростов-на-Дону, Волгоград, Самара, Уфа
507;Иркутск;14:00;Адлер;5д 04:20;Красноярск, Омск, Екатеринбург, Уфа, Самара, Волгоград, Ростов-на-Дону, Сочи
508;Адлер;15:15;Иркутск;5д 04:55;Сочи, Ростов-на-Дону, Волгоград, Самара, Уфа, Екатеринбург, Омск, Красноярск
509;Санкт-Петербург;19:40;Новороссийск;2д 00:10;Москва, Воронеж, Ростов-на-Дону, Краснодар
510;Новороссийск;20:25;Санкт-Петербург;2д 00:45;Краснодар, Ростов-на-Дону, Воронеж, Москва
511;Казань;11:00;Адлер;2д 05:40;Самара, Саратов, Волгоград, Ростов-на-Дону, Сочи
512;Адлер;12:15;Казань;2д 06:15;Сочи, Ростов-на-Дону, Волгоград, Самара
513;Омск;15:10;Анапа;4д 01:20;Тюмень, Екатеринбург, Уфа, Самара, Волгоград, Ростов-на-Дону, Краснодар
514;Анапа;16:25;Омск;4д 01:55;Краснодар, Ростов-на-Дону, Волгоград, Самара, Уфа, Екатеринбург, Тюмень
515;Москва;14:30;Ейск;1д 04:50;Рязань, Воронеж, Ростов-на-Дону, Староминская
516;Ейск;15:15;Москва;1д 05:25;Староминская, Ростов-на-Дону, Воронеж, Рязань
517;Красноярск;16:00;Анапа;4д 10:10;Новосибирск, Омск, Екатеринбург, Самара, Волгоград, Ростов-на-Дону, Краснодар
518;Анапа;17:15;Красноярск;4д 10:45;Краснодар, Ростов-на-Дону, Волгоград, Самара, Екатеринбург, Омск, Новосибирск
519;Самара;11:00;Симферополь;1д 16:30;Саратов, Волгоград, Ростов-на-Дону, Керчь
520;Симферополь;12:15;Самара;1д 17:05;Керчь, Ростов-на-Дону, Волгоград, Саратов
521;Томск;20:30;Адлер;4д 15:40;Новосибирск, Омск, Екатеринбург, Уфа, Самара, Волгоград, Ростов-на-Дону, Сочи
522;Адлер;21:45;Томск;4д 16:15;Сочи, Ростов-на-Дону, Волгоград, Самара, Уфа, Екатеринбург, Омск, Новосибирск
523;Саратов;4:00;Анапа;1д 06:50;Волгоград, Ростов-на-Дону, Краснодар
524;Анапа;5:15;Саратов;1д 07:25;Краснодар, Ростов-на-Дону, Волгоград
525;Санкт-Петербург;13:00;Имеретинский Курорт;2д 03:40;Москва, Ростов-на-Дону, Сочи  
526;Имеретинский Курорт;14:15;Санкт-Петербург;2д 04:15;Сочи, Ростов-на-Дону, Москва
527;Пермь;17:45;Анапа;2д 15:10;Казань, Самара, Саратов, Волгоград, Ростов-на-Дону, Краснодар
528;Анапа;19:00;Пермь;2д 15:45;Краснодар, Ростов-на-Дону, Волгоград, Самара, Казань
529;Челябинск;6:00;Адлер;2д 17:50;Уфа, Самара, Саратов, Волгоград, Ростов-на-Дону, Сочи
530;Адлер;7:15;Челябинск;2д 18:25;Сочи, Ростов-на-Дону, Волгоград, Самара, Уфа
531;Киров;10:30;Новороссийск;2д 18:00;Казань, Самара, Саратов, Волгоград, Краснодар
532;Новороссийск;11:45;Киров;2д 18:35;Краснодар, Волгоград, Самара, Казань
533;Новосибирск;19:00;Симферополь;4д 14:15;Омск, Екатеринбург, Уфа, Самара, Волгоград, Ростов-на-Дону, Керчь
534;Симферополь;20:15;Новосибирск;4д 14:50;Керчь, Ростов-на-Дону, Волгоград, Самара, Уфа, Екатеринбург, Омск
535;Москва;23:30;Анапа;1д 04:20;Рязань, Воронеж, Ростов-на-Дону, Краснодар  
536;Анапа;0:45;Москва;1д 04:55;Краснодар, Ростов-на-Дону, Воронеж, Рязань
537;Волгоград;14:00;Новороссийск;0д 18:10;Краснодар, Крымская  
538;Новороссийск;15:15;Волгоград;0д 18:45;Крымская, Краснодар
539;Тюмень;17:00;Адлер;3д 01:20;Екатеринбург, Уфа, Самара, Волгоград, Ростов-на-Дону, Сочи
540;Адлер;18:15;Тюмень;3д 01:55;Сочи, Ростов-на-Дону, Волгоград, Самара, Уфа, Екатеринбург
541;Москва;19:00;Ейск;1д 05:40;Рязань, Воронеж, Ростов-на-Дону, Староминская
542;Ейск;20:15;Москва;1д 06:15;Староминская, Ростов-на-Дону, Воронеж, Рязань
543;Москва;12:30;Адлер;1д 05:10;Рязань, Воронеж, Ростов-на-Дону, Краснодар, Сочи  
544;Адлер;13:45;Москва;1д 05:45;Сочи, Краснодар, Ростов-на-Дону, Воронеж, Рязань
545;Нижний Тагил;9:00;Новороссийск;2д 16:30;Екатеринбург, Уфа, Самара, Саратов, Волгоград, Краснодар
546;Новороссийск;10:15;Нижний Тагил;2д 17:05;Краснодар, Волгоград, Самара, Уфа, Екатеринбург
547;Санкт-Петербург;15:00;Севастополь;2д 04:50;Москва, Воронеж, Ростов-на-Дону, Керчь, Симферополь  
548;Севастополь;16:15;Санкт-Петербург;2д 05:25;Симферополь, Джанкой, Ростов-на-Дону, Москва
549;Уфа;11:30;Анапа;2д 03:10;Самара, Саратов, Волгоград, Ростов-на-Дону, Краснодар
550;Анапа;12:45;Уфа;2д 03:45;Краснодар, Ростов-на-Дону, Волгоград, Самара
551;Киров;19:15;Адлер;2д 10:40;Казань, Самара, Саратов, Волгоград, Ростов-на-Дону, Сочи
552;Адлер;20:30;Киров;2д 11:15;Сочи, Ростов-на-Дону, Волгоград, Самара, Казань
553;Красноярск;5:40;Новороссийск;4д 06:15;Новосибирск, Омск, Екатеринбург, Самара, Волгоград, Краснодар
554;Новороссийск;6:55;Красноярск;4д 06:50;Краснодар, Волгоград, Самара, Екатеринбург, Омск, Новосибирск
555;Воронеж;14:00;Анапа;1д 02:20;Ростов-на-Дону, Краснодар  
556;Анапа;15:15;Воронеж;1д 02:55;Краснодар, Ростов-на-Дону
557;Архангельск;12:00;Адлер;2д 23:40;Вологда, Ярославль, Москва, Воронеж, Ростов-на-Дону, Сочи
558;Адлер;13:15;Архангельск;3д 00:15;Сочи, Ростов-на-Дону, Воронеж, Москва, Ярославль, Вологда
559;Тюмень;21:00;Анапа;3д 02:45;Екатеринбург, Уфа, Самара, Волгоград, Ростов-на-Дону, Краснодар
560;Анапа;22:15;Тюмень;3д 03:20;Краснодар, Ростов-на-Дону, Волгоград, Самара, Уфа, Екатеринбург
561;Москва;8:30;Симферополь;1д 14:10;Рязань, Воронеж, Ростов-на-Дону, Керчь, Джанкой  
562;Симферополь;9:45;Москва;1д 14:45;Джанкой, Керчь, Ростов-на-Дону, Воронеж
563;Санкт-Петербург;17:00;Новороссийск;2д 03:20;Москва, Воронеж, Ростов-на-Дону, Краснодар
564;Новороссийск;18:15;Санкт-Петербург;2д 03:55;Краснодар, Ростов-на-Дону, Воронеж, Москва
565;Челябинск;13:00;Анапа;2д 16:50;Уфа, Самара, Саратов, Волгоград, Ростов-на-Дону, Краснодар
566;Анапа;14:15;Челябинск;2д 17:25;Краснодар, Ростов-на-Дону, Волгоград, Самара, Уфа
567;Пермь;4:30;Адлер;2д 18:10;Казань, Самара, Саратов, Волгоград, Ростов-на-Дону, Сочи
568;Адлер;5:45;Пермь;2д 18:45;Сочи, Ростов-на-Дону, Волгоград, Самара, Казань
569;Москва;11:10;Имеретинский Курорт;1д 09:30;Рязань, Воронеж, Ростов-на-Дону, Сочи
570;Имеретинский Курорт;12:25;Москва;1д 10:05;Сочи, Ростов-на-Дону, Воронеж, Рязань
571;Нижний Новгород;15:40;Симферополь;2д 05:00;Саранск, Пенза, Саратов, Волгоград, Ростов-на-Дону, Керчь
572;Симферополь;16:55;Нижний Новгород;2д 05:35;Керчь, Ростов-на-Дону, Волгоград, Саранск, Арзамас
573;Екатеринбург;20:00;Новороссийск;2д 07:15;Уфа, Самара, Саратов, Волгоград, Краснодар
574;Новороссийск;21:15;Екатеринбург;2д 07:45;Краснодар, Волгоград, Самара, Уфа
575;Казань;9:30;Анапа;2д 04:50;Саранск, Пенза, Ростов-на-Дону, Краснодар
576;Анапа;10:45;Казань;2д 05:25;Краснодар, Ростов-на-Дону, Пенза, Саранск
577;Санкт-Петербург;14:20;Адлер;2д 01:10;Москва, Воронеж, Ростов-на-Дону, Сочи
578;Адлер;15:35;Санкт-Петербург;2д 01:45;Сочи, Ростов-на-Дону, Воронеж, Москва
579;Москва;16:40;Новороссийск;1д 08:20;Рязань, Воронеж, Ростов-на-Дону, Краснодар  
580;Новороссийск;17:55;Москва;1д 08:55;Краснодар, Ростов-на-Дону, Воронеж, Рязань
581;Самара;10:20;Анапа;1д 12:10;Саратов, Волгоград, Ростов-на-Дону, Краснодар
582;Анапа;11:35;Самара;1д 12:45;Краснодар, Ростов-на-Дону, Волгоград, Саратов
583;Мурманск;19:30;Новороссийск;3д 12:00;СПб, Москва, Воронеж, Ростов-на-Дону, Краснодар
584;Новороссийск;20:45;Мурманск;3д 12:35;Краснодар, Ростов-на-Дону, Воронеж, Москва, СПб
585;Уфа;14:00;Адлер;2д 06:10;Самара, Саратов, Волгоград, Ростов-на-Дону, Сочи
586;Адлер;15:15;Уфа;2д 06:45;Сочи, Ростов-на-Дону, Волгоград, Самара
587;Воркута;7:00;Адлер;3д 10:30;Котлас, Ярославль, Москва, Воронеж, Ростов-на-Дону, Сочи
588;Адлер;8:15;Воркута;3д 11:05;Сочи, Ростов-на-Дону, Воронеж, Москва, Ярославль, Котлас
589;Нижний Тагил;22:30;Адлер;2д 14:50;Екатеринбург, Уфа, Самара, Волгоград, Ростов-на-Дону, Сочи
590;Адлер;23:45;Нижний Тагил;2д 15:25;Сочи, Ростов-на-Дону, Волгоград, Самара, Уфа, Екатеринбург
591;Москва;5:00;Новороссийск;1д 03:20;Рязань, Воронеж, Ростов-на-Дону, Краснодар
592;Новороссийск;6:15;Москва;1д 03:55;Краснодар, Ростов-на-Дону, Воронеж, Рязань
593;Киров;18:30;Симферополь;2д 12:40;Казань, Самара, Саратов, Волгоград, Ростов-на-Дону, Керчь
594;Симферополь;19:45;Киров;2д 13:15;Керчь, Ростов-на-Дону, Волгоград, Самара, Казань
595;Казань;22:30;Новороссийск;2д 06:40;Самара, Саратов, Волгоград, Краснодар  
596;Новороссийск;23:45;Казань;2д 07:15;Краснодар, Волгоград, Самара
597;Смоленск;18:00;Анапа;2д 03:10;Брянск, Воронеж, Ростов-на-Дону, Краснодар  
598;Анапа;19:15;Смоленск;2д 03:45;Краснодар, Ростов-на-Дону, Воронеж, Брян
599;Новороссийск;7:00;Ростов-на-Дону;0д 08:40;Краснодар, Староминская  
600;Ростов-на-Дону;8:30;Новороссийск;0д 09:15;Староминская, Краснодар
601;Москва;20:00;Саранск;0д 14:20;Рязань, Рузаевка  
602;Саранск;21:15;Москва;0д 14:55;Рузаевка, Рязань
603;Санкт-Петербург;15:30;Псков;0д 05:40;Луга, Струги Красные  
604;Псков;16:45;Санкт-Петербург;0д 06:15;Струги Красные, Луга
605;Нижний Новгород;6:00;Киров;0д 10:10;Шахунья, Котельнич  
606;Киров;7:15;Нижний Новгород;0д 10:45;Котельнич, Шахунья
607;Москва;15:00;Ульяновск;0д 16:40;Рязань, Рузаевка, Сызрань  
608;Ульяновск;16:15;Москва;0д 17:15;Сызрань, Рузаевка, Рязань
609;Москва;11:00;Балаково;1д 00:30;Рязань, Пенза, Балашов
610;Балаково;12:15;Москва;1д 01:05;Балашов, Пенза, Рязань
611;Ростов-на-Дону;23:10;Адлер;0д 14:50;Краснодар, Туапсе, Сочи  
612;Адлер;0:25;Ростов-на-Дону;0д 15:25;Сочи, Туапсе, Краснодар
613;Екатеринбург;18:40;Приобье;1д 00:10;Серов, Ивдель  
614;Приобье;19:55;Екатеринбург;1д 00:45;Ивдель, Серов
615;Красноярск;9:30;Абакан;0д 12:00;Ачинск, Шира  
616;Абакан;10:45;Красноярск;0д 12:35;Шира, Ачинск
617;Новосибирск;10:30;Бийск;0д 08:20;Барнаул  
618;Бийск;11:45;Новосибирск;0д 08:55;Барнаул
619;Санкт-Петербург;20:10;Мурманск;1д 12:40;Петрозаводск, Кандалакша, Апатиты  
620;Мурманск;21:25;Санкт-Петербург;1д 13:15;Апатиты, Кандалакша, Петрозаводск
621;Москва;14:00;Кисловодск;1д 10:40;Воронеж, Ростов-на-Дону, Мин. Воды  
622;Кисловодск;15:15;Москва;1д 11:15;Мин. Воды, Ростов-на-Дону, Воронеж
623;Челябинск;18:00;Новый Уренгой;2д 03:20;Екатеринбург, Тюмень, Тобольск, Сургут  
624;Новый Уренгой;19:15;Челябинск;2д 03:55;Сургут, Тобольск, Тюмень, Екатеринбург
625;Владивосток;16:00;Хабаровск;0д 13:20;Уссурийск, Вяземская  
626;Хабаровск;17:15;Владивосток;0д 13:55;Вяземская, Уссурийск
627;Москва;10:30;Брянск;0д 06:10;Калуга, Сухиничи  
628;Брянск;11:45;Москва;0д 06:45;Сухиничи, Калуга
629;Казань;22:00;Адлер;2д 09:40;Самара, Саратов, Волгоград, Ростов-на-Дону, Сочи  
630;Адлер;23:15;Казань;2д 10:15;Сочи, Ростов-на-Дону, Волгоград, Самара
631;Иркутск;15:40;Улан-Удэ;0д 08:00;Слюдянка, Байкальск  
632;Улан-Удэ;16:55;Иркутск;0д 08:35;Байкальск, Слюдянка
633;Екатеринбург;17:00;Оренбург;1д 02:40;Челябинск, Карталы, Орск  
634;Оренбург;18:15;Екатеринбург;1д 03:15;Орск, Карталы, Челябинск
635;Пермь;14:30;Екатеринбург;0д 06:20;Кунгур, Шаля  
636;Екатеринбург;15:45;Пермь;0д 06:55;Шаля, Кунгур
637;Москва;8:30;Тамбов;0д 10:10;Рязань, Мичуринск  
638;Тамбов;9:45;Москва;0д 10:45;Мичуринск, Рязань
639;Хабаровск;11:00;Комсомольск-на-Амуре;0д 09:50;Хор, Бикин  
640;Чита;22:00;Благовещенск;1д 08:30;Сковородино, Белогорск  
641;Благовещенск;23:15;Чита;1д 09:05;Белогорск, Сковородино  
642;Комсомольск-на-Амуре;12:45;Хабаровск;0д 10:25;Бикин, Хор  
643;Москва;17:30;Чебоксары;0д 15:10;Арзамас, Канаш  
644;Чебоксары;18:45;Москва;0д 15:45;Канаш, Арзамас
645;Санкт-Петербург;12:30;Осташков;0д 11:10;Бологое, Великие Луки  
646;Осташков;13:45;Санкт-Петербург;0д 11:45;Великие Луки, Бологое
647;Ростов-на-Дону;7:00;Новороссийск;0д 09:10;Краснодар, Крымская  
648;Новороссийск;8:15;Ростов-на-Дону;0д 09:45;Крымская, Краснодар
649;Адлер;17:00;Краснодар;0д 06:20;Туапсе, Горячий Ключ  
650;Краснодар;18:15;Адлер;0д 06:55;Горячий Ключ, Туапсе
651;Томск;19:40;Анапа;4д 02:40;Новосибирск, Омск, Екатеринбург, Самара, Волгоград, Краснодар  
652;Анапа;20:55;Томск;4д 03:15;Краснодар, Волгоград, Самара, Екатеринбург, Омск, Новосибирск
653;Москва;23:10;Ижевск;1д 00:50;Муром, Арзамас, Канаш, Агрыз  
654;Ижевск;0:25;Москва;1д 01:25;Агрыз, Канаш, Арзамас, Муром
655;Уфа;16:00;Адлер;2д 05:30;Самара, Саратов, Волгоград, Ростов-на-Дону, Сочи  
656;Адлер;17:15;Уфа;2д 06:05;Сочи, Ростов-на-Дону, Волгоград, Самара
657;Москва;23:45;Старый Оскол;0д 17:00;Рязань, Воронеж  
658;Старый Оскол;0:55;Москва;0д 17:35;Воронеж, Рязань
659;Москва;7:00;Керчь;1д 18:50;Рязань, Воронеж, Ростов-на-Дону, Краснодар  
660;Керчь;8:15;Москва;1д 19:25;Краснодар, Ростов-на-Дону, Воронеж, Рязань
661;Чита;8:00;Новосибирск;2д 10:40;Улан-Удэ, Иркутск, Красноярск, Омск  
662;Новосибирск;9:15;Чита;2д 11:15;Омск, Красноярск, Иркутск, Улан-Удэ
663;Санкт-Петербург;10:30;Челябинск;2д 00:10;Вологда, Киров, Пермь, Екатеринбург  
664;Челябинск;11:45;Санкт-Петербург;2д 00:45;Екатеринбург, Пермь, Киров, Вологда
665;Москва;12:00;Петрозаводск;0д 16:30;Тверь, Бологое, Лодейное Поле  
666;Петрозаводск;13:15;Москва;0д 17:05;Лодейное Поле, Бологое, Тверь
667;Уфа;14:10;Симферополь;2д 08:50;Самара, Саратов, Волгоград, Ростов-на-Дону, Керчь  
668;Симферополь;15:25;Уфа;2д 09:25;Керчь, Ростов-на-Дону, Волгоград, Самара
669;Краснодар;5:00;Адлер;0д 09:10;Туапсе, Сочи  
670;Адлер;6:15;Краснодар;0д 09:45;Сочи, Туапсе
671;Пермь;17:30;Новороссийск;2д 16:20;Казань, Самара, Саратов, Волгоград, Краснодар  
672;Новороссийск;18:45;Пермь;2д 16:55;Краснодар, Волгоград, Самара, Казань
673;Екатеринбург;19:30;Анапа;3д 00:10;Уфа, Самара, Саратов, Волгоград, Ростов-на-Дону, Краснодар  
674;Анапа;20:45;Екатеринбург;3д 00:45;Краснодар, Ростов-на-Дону, Волгоград, Самара, Уфа
675;Санкт-Петербург;10:00;Волгоград;1д 20:30;Москва, Воронеж, Поворино  
676;Волгоград;11:15;Санкт-Петербург;1д 21:05;Поворино, Воронеж, Москва
677;Москва;13:30;Астрахань;1д 12:40;Рязань, Воронеж, Волгоград
678;Астрахань;14:45;Москва;1д 13:15;Волгоград, Воронеж, Рязань
679;Москва;11:30;Астрахань;1д 10:20;Рязань, Воронеж, Волгоград  
680;Астрахань;12:45;Москва;1д 10:55;Волгоград, Воронеж, Рязань
681;Ростов-на-Дону;15:00;Владикавказ;0д 16:10;Армавир, Мин. Воды, Прохладная  
682;Владикавказ;16:15;Ростов-на-Дону;0д 16:45;Прохладная, Мин. Воды, Армавир
683;Санкт-Петербург;9:00;Вологда;0д 11:50;Тихвин, Череповец  
684;Вологда;10:15;Санкт-Петербург;0д 12:25;Череповец, Тихвин
685;Иркутск;14:30;Кисловодск;4д 15:50;Красноярск, Омск, Екатеринбург, Самара, Саратов, Волгоград, Ростов-на-Дону, Мин. Воды  
686;Кисловодск;15:45;Иркутск;4д 16:25;Мин. Воды, Ростов-на-Дону, Волгоград, Самара, Екатеринбург, Омск, Красноярск
687;Москва;22:00;Белгород;0д 09:40;Тула, Орел, Курск
688;Белгород;23:15;Москва;0д 10:15;Курск, Орел, Тула
689;Новороссийск;10:00;Ростов-на-Дону;0д 08:00;Краснодар, Староминская  
690;Ростов-на-Дону;11:15;Новороссийск;0д 08:35;Староминская, Краснодар
691;Новороссийск;15:00;Владикавказ;1д 01:20;Краснодар, Армавир, Мин. Воды, Прохладная (Местный Кавказский)
692;Владикавказ;16:15;Новороссийск;1д 01:55;Прохладная, Мин. Воды, Армавир, Краснодар
693;Москва;18:00;Нижневартовск;2д 10:30;Екатеринбург, Тюмень, Тобольск, Сургут  
694;Нижневартовск;19:15;Москва;2д 11:05;Сургут, Тобольск, Тюмень, Екатеринбург
695;Ростов-на-Дону;19:30;Адлер;0д 13:40;Краснодар, Туапсе, Сочи (Местный ночной, дополнительный)
696;Адлер;20:45;Ростов-на-Дону;0д 14:15;Сочи, Туапсе, Краснодар
697;Казань;11:00;Новороссийск;2д 05:40;Самара, Саратов, Волгоград, Краснодар  
698;Новороссийск;12:15;Казань;2д 06:15;Краснодар, Волгоград, Самара
699;Саратов;22:30;Анапа;1д 08:40;Волгоград, Ростов-на-Дону, Краснодар  
700;Анапа;23:45;Саратов;1д 09:15;Краснодар, Ростов-на-Дону, Волгоград
701;Москва;6:40;Санкт-Петербург;0д 03:55;Тверь, Бологое  
702;Санкт-Петербург;7:00;Москва;0д 03:50;Бологое, Тверь  
703;Москва;8:30;Санкт-Петербург;0д 04:00;Тверь, Чудово  
704;Санкт-Петербург;8:50;Москва;0д 04:05;Чудово, Тверь  
705;Москва;11:10;Санкт-Петербург;0д 03:45;Без остановок  
706;Санкт-Петербург;12:00;Москва;0д 03:40;Без остановок  
707;Москва;13:45;Санкт-Петербург;0д 04:10;Вышний Волочёк, Бологое  
708;Санкт-Петербург;14:30;Москва;0д 04:15;Бологое, Вышний Волочёк  
709;Москва;18:20;Санкт-Петербург;0д 03:55;Тверь, Чудово  
710;Санкт-Петербург;19:10;Москва;0д 03:50;Чудово, Тверь  
711;Москва;7:05;Нижний Новгород;0д 03:55;Владимир, Дзержинск  
712;Нижний Новгород;7:45;Москва;0д 03:50;Дзержинск, Владимир  
713;Москва;15:35;Нижний Новгород;0д 03:50;Ковров, Дзержинск  
714;Нижний Новгород;16:15;Москва;0д 03:55;Дзержинск, Ковров  
715;Москва;8:00;Казань;0д 06:25;Владимир, Арзамас, Канаш  
716;Казань;8:30;Москва;0д 06:40;Канаш, Арзамас, Владимир  
717;Санкт-Петербург;6:15;Петрозаводск;0д 05:00;Выборг, Сортавала  
718;Петрозаводск;6:55;Санкт-Петербург;0д 05:05;Сортавала, Выборг  
719;Москва;18:00;Воронеж;0д 06:30;Тула, Елец, Лиски  
720;Воронеж;18:30;Москва;0д 06:45;Лиски, Елец, Тула  
721;Москва;9:30;Смоленск;0д 04:15;Вязьма, Сафоново  
722;Смоленск;10:45;Москва;0д 04:20;Сафоново, Вязьма  
723;Санкт-Петербург;10:00;Хельсинки;0д 03:27;Выборг, Коувола  
724;Хельсинки;11:30;Санкт-Петербург;0д 03:30;Коувола, Выборг  
725;Москва;14:00;Иваново;0д 03:45;Владимир, Шуя  
726;Иваново;15:15;Москва;0д 03:50;Шуя, Владимир  
727;Санкт-Петербург;16:30;Псков;0д 03:30;Луга, Струги Красные  
728;Псков;17:45;Санкт-Петербург;0д 03:35;Струги Красные, Луга  
729;Москва;11:30;Курск;0д 06:45;Тула, Орел  
730;Курск;12:45;Москва;0д 07:00;Орел, Тула  
731;Краснодар;6:00;Адлер;0д 05:10;Туапсе, Сочи  
732;Адлер;7:15;Краснодар;0д 05:25;Сочи, Туапсе  
733;Ростов-на-Дону;14:00;Адлер;0д 09:40;Краснодар, Туапсе, Сочи  
734;Адлер;15:15;Ростов-на-Дону;0д 09:55;Сочи, Туапсе, Краснодар  
735;Москва;10:15;Белгород;0д 07:10;Тула, Курск, Прохоровка  
736;Белгород;11:30;Москва;0д 07:25;Прохоровка, Курск, Тула  
737;Санкт-Петербург;15:00;Великий Новгород;0д 02:50;Чудово  
738;Великий Новгород;16:15;Санкт-Петербург;0д 03:05;Чудово  
739;Москва;17:00;Нижний Новгород;0д 04:10;Владимир, Дзержинск  
740;Нижний Новгород;18:15;Москва;0д 04:25;Дзержинск, Владимир  
741;Санкт-Петербург;9:45;Самара;1д 00:30;Москва, Рязань, Рузаевка  
742;Самара;10:30;Санкт-Петербург;1д 01:05;Рузаевка, Рязань, Москва  
743;Москва;12:15;Казань;0д 07:10;Владимир, Арзамас, Канаш  
744;Казань;13:30;Москва;0д 07:25;Канаш, Арзамас, Владимир  
745;Санкт-Петербург;14:00;Киров;1д 00:50;Вологда, Кострома  
746;Киров;15:15;Санкт-Петербург;1д 01:25;Кострома, Вологда  
747;Москва;6:30;Адлер;0д 18:15;Рязань, Воронеж, Ростов-на-Дону, Краснодар  
748;Адлер;7:45;Москва;0д 18:40;Краснодар, Ростов-на-Дону, Воронеж, Рязань  
749;Екатеринбург;10:00;Тюмень;0д 04:15;Камышлов, Талица  
750;Тюмень;11:15;Екатеринбург;0д 04:30;Талица, Камышлов  
751;Санкт-Петербург;10:45;Череповец;0д 07:30;Тихвин, Вологда  
752;Череповец;12:00;Санкт-Петербург;0д 08:05;Вологда, Тихвин  
753;Москва;14:30;Саранск;0д 07:50;Рязань, Рузаевка  
754;Саранск;15:45;Москва;0д 08:15;Рузаевка, Рязань  
755;Санкт-Петербург;7:30;Нижний Новгород;1д 01:10;Москва, Владимир  
756;Нижний Новгород;8:45;Санкт-Петербург;1д 01:45;Владимир, Москва  
757;Москва;16:00;Кострома;0д 04:20;Ярославль  
758;Кострома;17:15;Москва;0д 04:55;Ярославль  
759;Сочи;18:30;Имеретинский Курорт;0д 00:35;Аэропорт Сочи  
760;Имеретинский Курорт;19:45;Сочи;0д 00:40;Аэропорт Сочи  
761;Москва;10:00;Орёл;0д 03:55;Тула  
762;Орёл;11:15;Москва;0д 04:10;Тула  
763;Санкт-Петербург;14:40;Смоленск;0д 11:20;Москва, Вязьма  
764;Смоленск;15:55;Санкт-Петербург;0д 11:55;Вязьма, Москва  
765;Краснодар;8:00;Новороссийск;0д 02:40;Крымская  
766;Новороссийск;9:15;Краснодар;0д 03:05;Крымская  
767;Москва;13:00;Калуга;0д 02:40;Обнинск  
768;Калуга;14:15;Москва;0д 03:05;Обнинск  
769;Екатеринбург;17:00;Челябинск;0д 03:50;Каменск-Уральский  
770;Челябинск;18:15;Екатеринбург;0д 04:05;Каменск-Уральский  
771;Ростов-на-Дону;19:00;Краснодар;0д 04:20;Батайск, Староминская  
772;Краснодар;20:15;Ростов-на-Дону;0д 04:35;Староминская, Батайск  
773;Москва;11:00;Ковров;0д 02:45;Владимир  
774;Ковров;12:15;Москва;0д 03:00;Владимир  
775;Санкт-Петербург;13:30;Бологое;0д 02:10;Чудово  
776;Бологое;14:45;Санкт-Петербург;0д 02:25;Чудово  
777;Москва;21:00;Санкт-Петербург;0д 04:05;Тверь, Чудово  
778;Санкт-Петербург;22:15;Москва;0д 04:00;Чудово, Тверь  
